id,date,assigned_to
2005.13952,1 June 2020,Ankit
2005.11572,1 June 2020,Ankit
2006.01848,9 June 2020,Ankit
2006.04360,9 June 2020,Ankit
2005.11858,1 June 2020,Dipayan
2005.12804,1 June 2020,Dipayan
2005.12985,1 June 2020,Dipayan
2005.14154,1 June 2020,Dipayan
2005.13957,1 June 2020,Dipayan
2006.02463,9 June 2020,Dipayan
2006.04618,9 June 2020,Dipayan
2006.02760,9 June 2020,Dipayan
2006.03946,9 June 2020,Dipayan
2005.11323,1 June 2020,Himanshu
2005.13058,2 June 2020,Himanshu
2005.11697,1 June 2020,Harkirat
2005.12491,1 June 2020,Harkirat
2005.14333,1 June 2020,Harkirat
2006.03376,9 June 2020,Harkirat
2006.04486,9 June 2020,Harkirat
2006.03019,9 June 2020,Harkirat
2006.02430,9 June 2020,Harkirat
2006.02445,9 June 2020,Jaffino
2006.02285,9 June 2020,Kinjalk
2006.02613,9 June 2020,Misc
2006.04129,9 June 2020,Misc
2006.02911,9 June 2020,Misc
